{
  "timestamp": 1771207488.641491,
  "collateral_value_usd": 317.61238935,
  "updated_by": "successful_operation"
}