{
  "timestamp": 1753540687.3286004,
  "collateral_value_usd": 163.89089112,
  "updated_by": "successful_operation"
}