{
  "timestamp": 1754247265.3110023,
  "collateral_value_usd": 250.69730563,
  "updated_by": "successful_operation"
}