{
  "timestamp": 1770949644.0959792,
  "collateral_value_usd": 108.93687645,
  "updated_by": "successful_operation"
}