{
  "timestamp": 1753578597.2667856,
  "collateral_value_usd": 261.38192895,
  "updated_by": "successful_operation"
}