{
  "timestamp": 1754240699.816046,
  "collateral_value_usd": 249.97302675,
  "updated_by": "successful_operation"
}