{
  "timestamp": 1754235439.818575,
  "collateral_value_usd": 248.9981728,
  "updated_by": "successful_operation"
}