{
  "timestamp": 1771107894.6444275,
  "collateral_value_usd": 227.70890217,
  "updated_by": "successful_operation"
}