{
  "timestamp": 1756011756.1729398,
  "collateral_value_usd": 274.3103025,
  "updated_by": "successful_operation"
}