{
  "timestamp": 1771263448.7932515,
  "collateral_value_usd": 297.44357585,
  "updated_by": "successful_operation"
}