{
  "timestamp": 1771050255.0504718,
  "collateral_value_usd": 257.32624669,
  "updated_by": "successful_operation"
}