{
  "timestamp": 1756009231.4064677,
  "collateral_value_usd": 274.33823109,
  "updated_by": "successful_operation"
}