{
  "timestamp": 1753540311.3395717,
  "collateral_value_usd": 163.98677866,
  "updated_by": "successful_operation"
}