{
  "timestamp": 1756011680.011791,
  "collateral_value_usd": 274.31029864,
  "updated_by": "successful_operation"
}