{
  "timestamp": 1753157557.5337214,
  "collateral_value_usd": 162.89372703,
  "updated_by": "successful_operation"
}