{
  "timestamp": 1754251219.004323,
  "collateral_value_usd": 250.55318048,
  "updated_by": "successful_operation"
}