{
  "timestamp": 1756015321.1849093,
  "collateral_value_usd": 273.92735935,
  "updated_by": "successful_operation"
}