{
  "timestamp": 1754235530.3028297,
  "collateral_value_usd": 249.04454029,
  "updated_by": "successful_operation"
}