{
  "timestamp": 1771219535.7251134,
  "collateral_value_usd": 319.91998862,
  "updated_by": "successful_operation"
}