{
  "timestamp": 1756008654.5701015,
  "collateral_value_usd": 274.28041938,
  "updated_by": "successful_operation"
}