{
  "timestamp": 1756015766.122708,
  "collateral_value_usd": 273.85473789,
  "updated_by": "successful_operation"
}