{
  "timestamp": 1756012673.2668726,
  "collateral_value_usd": 274.32520741,
  "updated_by": "successful_operation"
}