{
  "timestamp": 1756011027.805935,
  "collateral_value_usd": 274.16494478,
  "updated_by": "successful_operation"
}