{
  "timestamp": 1771266189.667584,
  "collateral_value_usd": 311.79442085,
  "updated_by": "successful_operation"
}