{
  "timestamp": 1753539843.418492,
  "collateral_value_usd": 164.11958518,
  "updated_by": "successful_operation"
}