{
  "timestamp": 1753124563.8266754,
  "collateral_value_usd": 163.02096204,
  "updated_by": "successful_operation"
}