{
  "timestamp": 1771047568.521983,
  "collateral_value_usd": 218.43294672,
  "updated_by": "successful_operation"
}