{
  "timestamp": 1756018961.649264,
  "collateral_value_usd": 273.40935133,
  "updated_by": "successful_operation"
}