{
  "timestamp": 1771725220.6408603,
  "collateral_value_usd": 10276.94573586,
  "updated_by": "successful_operation"
}