{
  "timestamp": 1771220068.363911,
  "collateral_value_usd": 334.59972594,
  "updated_by": "successful_operation"
}