{
  "timestamp": 1770959367.0066895,
  "collateral_value_usd": 108.46873307,
  "updated_by": "successful_operation"
}