{
  "timestamp": 1754231955.3987663,
  "collateral_value_usd": 249.19118573,
  "updated_by": "successful_operation"
}