{
  "timestamp": 1771040040.8993182,
  "collateral_value_usd": 83.48114814,
  "updated_by": "successful_operation"
}