{
  "timestamp": 1753576788.502445,
  "collateral_value_usd": 260.99128871,
  "updated_by": "successful_operation"
}