{
  "timestamp": 1754247311.6797564,
  "collateral_value_usd": 250.64564772,
  "updated_by": "successful_operation"
}