{
  "timestamp": 1753539686.598101,
  "collateral_value_usd": 164.11184908,
  "updated_by": "successful_operation"
}