{
  "timestamp": 1753541057.0504594,
  "collateral_value_usd": 163.98798135,
  "updated_by": "successful_operation"
}