{
  "timestamp": 1756010292.0766363,
  "collateral_value_usd": 274.26229115,
  "updated_by": "successful_operation"
}