{
  "timestamp": 1754251078.202154,
  "collateral_value_usd": 250.55317684,
  "updated_by": "successful_operation"
}