{
  "timestamp": 1771725266.6479535,
  "collateral_value_usd": 10276.94606639,
  "updated_by": "successful_operation"
}