{
  "timestamp": 1756008031.0387983,
  "collateral_value_usd": 274.08417561,
  "updated_by": "successful_operation"
}