{
  "timestamp": 1756016765.4047992,
  "collateral_value_usd": 273.76816579,
  "updated_by": "successful_operation"
}