{
  "timestamp": 1771094549.7158933,
  "collateral_value_usd": 227.51677475,
  "updated_by": "successful_operation"
}