{
  "timestamp": 1753538546.2424803,
  "collateral_value_usd": 164.09143585,
  "updated_by": "successful_operation"
}