{
  "timestamp": 1770784966.9011173,
  "collateral_value_usd": 63.29669808,
  "updated_by": "successful_operation"
}