{
  "timestamp": 1756010606.27758,
  "collateral_value_usd": 274.22973706,
  "updated_by": "successful_operation"
}