{
  "timestamp": 1756011846.5126462,
  "collateral_value_usd": 274.31030713,
  "updated_by": "successful_operation"
}