{
  "timestamp": 1753156934.6297336,
  "collateral_value_usd": 162.87806773,
  "updated_by": "successful_operation"
}