{
  "timestamp": 1753540009.1015308,
  "collateral_value_usd": 164.09547724,
  "updated_by": "successful_operation"
}