{
  "timestamp": 1756010322.1660676,
  "collateral_value_usd": 274.26229267,
  "updated_by": "successful_operation"
}