{
  "timestamp": 1753567748.3053713,
  "collateral_value_usd": 261.3732621,
  "updated_by": "successful_operation"
}