{
  "timestamp": 1756011268.5964925,
  "collateral_value_usd": 274.29117735,
  "updated_by": "successful_operation"
}