{
  "timestamp": 1756022156.6231759,
  "collateral_value_usd": 273.52005413,
  "updated_by": "successful_operation"
}