{
  "last_collateral_value_usd": 188.3220642,
  "baseline_initialized": true,
  "timestamp": 1752457336.3007126,
  "wallet_address": "0x5B823270e3719CDe8669e5e5326B455EaA8a350b"
}