{
  "timestamp": 1756013034.331852,
  "collateral_value_usd": 274.22648857,
  "updated_by": "successful_operation"
}