{
  "timestamp": 1754229932.2319744,
  "collateral_value_usd": 249.94318054,
  "updated_by": "successful_operation"
}