{
  "timestamp": 1756016314.0553763,
  "collateral_value_usd": 273.68544444,
  "updated_by": "successful_operation"
}