{
  "timestamp": 1756019021.8279965,
  "collateral_value_usd": 273.40935437,
  "updated_by": "successful_operation"
}