{
  "timestamp": 1753156608.1487365,
  "collateral_value_usd": 162.8395724,
  "updated_by": "successful_operation"
}