{
  "timestamp": 1754264301.5009854,
  "collateral_value_usd": 250.61505478,
  "updated_by": "successful_operation"
}