{
  "timestamp": 1756010877.2550464,
  "collateral_value_usd": 274.11166394,
  "updated_by": "successful_operation"
}