{
  "timestamp": 1753540732.402398,
  "collateral_value_usd": 163.87463942,
  "updated_by": "successful_operation"
}